{"cameraMode":{"drawMode":0,"name":"Shaded","section":"Shading Mode"},"sceneLighting":false,"audioPlay":false,"sceneViewState":{"m_AlwaysRefresh":false,"showFog":true,"showSkybox":true,"showFlares":true,"showImageEffects":true,"showParticleSystems":true,"showVisualEffectGraphs":true,"m_FxEnabled":true},"in2DMode":false,"pivot":{"x":105.53063201904297,"y":101.83537292480469,"z":-289.5466003417969},"rotation":{"x":0.001244114013388753,"y":0.9984022378921509,"z":-0.02427622675895691,"w":0.051263753324747089},"size":256.5621032714844,"orthographic":false}